{"cameraMode":{"drawMode":0,"name":"Shaded","section":"Shading Mode"},"sceneLighting":true,"audioPlay":false,"sceneViewState":{"m_AlwaysRefresh":false,"showFog":true,"showSkybox":true,"showFlares":true,"showImageEffects":true,"showParticleSystems":true,"showVisualEffectGraphs":true,"m_FxEnabled":true},"in2DMode":false,"pivot":{"x":1415.4481201171875,"y":6.625357151031494,"z":80.3481674194336},"rotation":{"x":0.041150376200675967,"y":-0.5621939301490784,"z":0.02803008258342743,"w":0.8255208134651184},"size":12.058232307434082,"orthographic":false}